text,label
I feel lonely,0
"Honestly, this is not what i wanted",0
This makes me cry today,0
Oh this makes me cry,0
"Right now, i miss those times",0
I do not feel okay today,0
I do not like this situation.,0
Oh i feel lonely,0
"Right now, i lost my friend",0
This is not what I wanted.,0
I miss those times.,0
"Right now, this makes me cry",0
My day was terrible.,0
I am heartbroken today,0
I miss those times.,0
"Right now, i feel so down",0
"Right now, i am not fine today",0
This makes me cry today,0
Oh i am not fine today,0
I feel so down,0
Oh i am not happy,0
"Right now, i feel lonely",0
I feel lonely today,0
"Right now, i lost my friend",0
Oh i miss those times,0
Oh i do not feel okay,0
"Right now, i am not fine today",0
"Right now, i feel so down",0
I lost my friend today,0
This is not what I wanted,0
"Right now, i feel so down",0
I feel lonely today,0
I do not like this situation today,0
I feel lonely,0
"Right now, i do not like this situation",0
"Right now, my day was terrible",0
I am not fine today.,0
I am not happy today,0
"Honestly, i lost my friend",0
I feel lonely,0
I feel so down,0
"Honestly, i do not like this situation",0
"Right now, i do not like this situation",0
I am not happy.,0
I miss those times,0
I lost my friend,0
Nothing feels right.,0
"Honestly, my day was terrible",0
"Honestly, this makes me cry",0
I miss those times.,0
"Right now, nothing feels right",0
I wish things were different,0
This makes me cry today,0
"Right now, i do not like this situation",0
Oh i feel lonely,0
"Right now, my day was terrible",0
"Honestly, i am not fine today",0
This is not what I wanted,0
Oh i feel so down,0
This makes me cry today,0
This makes me cry.,0
"Honestly, i lost my friend",0
This makes me cry.,0
"Honestly, i do not feel okay",0
I am not fine today,0
"Honestly, i lost my friend",0
Oh i wish things were different,0
Oh i am not happy,0
Oh i am not fine today,0
Oh my day was terrible,0
I wish things were different,0
"Right now, i lost my friend",0
"Honestly, this is not what i wanted",0
I do not like this situation.,0
I feel lonely.,0
This is not what I wanted.,0
My day was terrible today,0
I feel lonely today,0
"Honestly, i wish things were different",0
I miss those times today,0
Oh i am not fine today,0
I feel so down,0
Oh i feel lonely,0
This is not what I wanted.,0
This makes me cry.,0
I am heartbroken,0
"Honestly, i am not fine today",0
I do not feel okay.,0
I wish things were different today,0
Oh i am not happy,0
"Right now, this is not what i wanted",0
Nothing feels right,0
"Right now, i am not fine today",0
I do not like this situation,0
"Honestly, i am heartbroken",0
I am not fine today.,0
This makes me cry.,0
"Honestly, this is not what i wanted",0
Nothing feels right today,0
"Honestly, i feel so down",0
"Honestly, i lost my friend",0
Oh this is not what i wanted,0
I am not fine today.,0
"Right now, i am heartbroken",0
"Honestly, i do not like this situation",0
"Right now, i feel so down",0
Everything is falling apart.,0
This is not what I wanted,0
Oh this is not what i wanted,0
Nothing feels right,0
"Right now, nothing feels right",0
I am heartbroken.,0
I wish things were different,0
Everything is falling apart.,0
I am not happy.,0
My day was terrible.,0
"Right now, everything is falling apart",0
"Right now, i feel so down",0
I do not like this situation,0
My day was terrible today,0
My day was terrible,0
This is not what I wanted.,0
"Right now, everything is falling apart",0
I wish things were different,0
"Right now, i feel so down",0
"Honestly, i do not feel okay",0
I feel lonely,0
"Right now, i am not happy",0
I am not happy.,0
I wish things were different.,0
Oh this is not what i wanted,0
Oh everything is falling apart,0
Oh this is not what i wanted,0
Nothing feels right,0
I do not feel okay,0
"Right now, i feel lonely",0
"Right now, this is not what i wanted",0
"Right now, i am not fine today",0
Oh this makes me cry,0
"Honestly, this is not what i wanted",0
"Honestly, i am not happy",0
This makes me cry.,0
This is not what I wanted,0
Everything is falling apart,0
I wish things were different.,0
Everything is falling apart today,0
Oh i do not feel okay,0
I miss those times,0
I feel lonely today,0
I feel lonely.,0
Oh i feel lonely,0
I am heartbroken.,0
"Honestly, this is not what i wanted",0
"Right now, this makes me cry",0
"Honestly, i am heartbroken",0
Nothing feels right,0
Everything is falling apart.,0
Oh i do not like this situation,0
I do not feel okay.,0
"Honestly, nothing feels right",0
My day was terrible today,0
I miss those times today,0
"Honestly, everything is falling apart",0
I wish things were different.,0
I am heartbroken.,0
"Right now, i feel lonely",0
I feel so down.,0
"Right now, this makes me cry",0
I do not like this situation.,0
My day was terrible today,0
Nothing feels right.,0
I miss those times,0
I lost my friend,0
"Right now, nothing feels right",0
Oh my day was terrible,0
I wish things were different.,0
This is not what I wanted.,0
I wish things were different.,0
I am not fine today.,0
Oh i do not like this situation,0
I am not fine today,0
"Right now, i lost my friend",0
"Honestly, i am heartbroken",0
I wish things were different today,0
I feel so down today,0
"Right now, i miss those times",0
"Honestly, my day was terrible",0
This makes me cry.,0
I do not feel okay,0
I wish things were different,0
"Right now, i wish things were different",0
"Honestly, i do not feel okay",0
I lost my friend today,0
Oh i feel so down,0
"Right now, this is not what i wanted",0
I lost my friend.,0
I lost my friend,0
"Right now, i lost my friend",0
"Right now, i am not fine today",0
"Right now, i feel lonely",0
I feel lonely today,0
I am not fine today,0
This makes me cry,0
"Right now, my day was terrible",0
Oh i do not like this situation,0
"Honestly, i am heartbroken",0
"Honestly, this makes me cry",0
"Right now, i am not fine today",0
Nothing feels right,0
I lost my friend,0
Oh i am not happy,0
"Right now, i am not happy",0
I am heartbroken,0
Oh i am not fine today,0
I wish things were different.,0
"Right now, this makes me cry",0
Oh i am not happy,0
Everything is falling apart,0
I do not feel okay today,0
This makes me cry,0
"Right now, i am not fine today",0
"Right now, nothing feels right",0
This makes me cry,0
I am not fine today,0
I do not like this situation,0
Oh i am not fine today,0
Everything is falling apart today,0
I lost my friend,0
"Right now, i am not happy",0
I feel so down.,0
This is not what I wanted.,0
Oh i am heartbroken,0
This is not what I wanted today,0
Everything is falling apart.,0
"Honestly, i do not feel okay",0
"Honestly, my day was terrible",0
"Right now, i wish things were different",0
Everything is falling apart,0
"Right now, i wish things were different",0
Oh i am not happy,0
"Honestly, i do not like this situation",0
I am not happy.,0
Oh everything is falling apart,0
My day was terrible.,0
"Right now, i feel so down",0
"Right now, this makes me cry",0
Oh nothing feels right,0
My day was terrible.,0
Oh i am not fine today,0
I feel lonely today,0
Oh i miss those times,0
I am not happy today,0
Oh i do not feel okay,0
Oh i do not like this situation,0
Oh i feel so down,0
I lost my friend.,0
I lost my friend today,0
I do not like this situation.,0
I wish things were different.,0
Oh i wish things were different,0
"Honestly, i lost my friend",0
"Honestly, i feel lonely",0
"Honestly, i do not like this situation",0
I wish things were different today,0
I am heartbroken,0
I feel so down.,0
I miss those times.,0
Everything is falling apart,0
I feel lonely.,0
Oh i am heartbroken,0
"Honestly, my day was terrible",0
Nothing feels right today,0
This makes me cry,0
I miss those times.,0
Oh i feel lonely,0
"Honestly, everything is falling apart",0
I do not feel okay today,0
My day was terrible,0
Oh i am heartbroken,0
"Right now, i feel lonely",0
I do not like this situation,0
"Right now, i am not happy",0
"Right now, everything is falling apart",0
"Honestly, i am not fine today",0
Oh i do not feel okay,0
Oh i am not fine today,0
"Honestly, my day was terrible",0
I feel lonely.,0
Everything is falling apart today,0
"Honestly, i am heartbroken",0
"Right now, nothing feels right",0
Everything is falling apart.,0
Oh everything is falling apart,0
"Honestly, this makes me cry",0
My day was terrible today,0
I do not like this situation.,0
"Right now, this makes me cry",0
"Honestly, i do not like this situation",0
"Honestly, i do not like this situation",0
I am not fine today today,0
This is not what I wanted today,0
"Honestly, this is not what i wanted",0
Oh i do not like this situation,0
Oh i lost my friend,0
Oh i feel so down,0
I lost my friend.,0
Oh i feel lonely,0
This is not what I wanted,0
Nothing feels right today,0
I wish things were different,0
This is not what I wanted.,0
This is not what I wanted.,0
"Honestly, my day was terrible",0
This makes me cry,0
I feel so down today,0
I feel so down.,0
"Honestly, i feel so down",0
I wish things were different.,0
I am not happy today,0
I feel lonely.,0
Oh nothing feels right,0
I do not like this situation today,0
"Honestly, this is not what i wanted",0
I am not happy today,0
"Right now, i miss those times",0
Oh i am heartbroken,0
"Right now, i do not like this situation",0
I feel lonely,0
I am heartbroken,0
Oh this makes me cry,0
I am heartbroken,0
Everything is falling apart today,0
Oh this is not what i wanted,0
"Honestly, this is not what i wanted",0
My day was terrible.,0
This is not what I wanted.,0
"Honestly, i do not like this situation",0
This is not what I wanted,0
Oh this makes me cry,0
"Right now, everything is falling apart",0
Oh this is not what i wanted,0
I am not happy.,0
I feel lonely today,0
"Honestly, i feel so down",0
"Right now, i feel lonely",0
"Honestly, i wish things were different",0
I miss those times today,0
I lost my friend today,0
Everything is falling apart.,0
I miss those times today,0
My day was terrible.,0
I lost my friend.,0
I am heartbroken today,0
Oh i miss those times,0
Oh nothing feels right,0
Oh i am not fine today,0
My day was terrible.,0
"Honestly, i do not like this situation",0
Oh i am heartbroken,0
I do not feel okay today,0
I am not fine today.,0
"Right now, i feel lonely",0
Oh i feel so down,0
Oh this makes me cry,0
"Honestly, i miss those times",0
Oh i feel so down,0
I feel lonely today,0
"Honestly, i am not happy",0
Oh i miss those times,0
I am not fine today,0
"Right now, i do not like this situation",0
Oh i wish things were different,0
Everything is falling apart,0
Everything is falling apart today,0
I do not like this situation today,0
"Honestly, i wish things were different",0
I miss those times.,0
My day was terrible,0
This is not what I wanted.,0
Everything is falling apart,0
Oh i feel lonely,0
"Right now, this makes me cry",0
"Honestly, i do not feel okay",0
"Right now, this makes me cry",0
I feel so down,0
I do not feel okay.,0
"Honestly, i am not fine today",0
I do not feel okay.,0
I am not fine today today,0
I am not happy,0
I wish things were different today,0
"Honestly, i feel so down",0
This is not what I wanted,0
Oh i wish things were different,0
I lost my friend today,0
"Honestly, my day was terrible",0
I feel lonely.,0
Oh i lost my friend,0
I do not feel okay.,0
"Honestly, everything is falling apart",0
Oh i feel lonely,0
My day was terrible,0
I lost my friend today,0
This makes me cry.,0
Oh i lost my friend,0
I do not feel okay,0
I lost my friend,0
I am not happy.,0
I am heartbroken today,0
I do not like this situation.,0
"Honestly, i am not fine today",0
My day was terrible.,0
My day was terrible today,0
I am not fine today,0
I wish things were different,0
Oh this is not what i wanted,0
I wish things were different,0
I wish things were different.,0
I feel so down today,0
"Honestly, i am not happy",0
"Right now, i feel lonely",0
Nothing feels right.,0
I feel lonely today,0
"Right now, this makes me cry",0
"Honestly, this makes me cry",0
"Right now, i do not like this situation",0
I miss those times,0
"Honestly, i am not fine today",0
I am heartbroken.,0
I am heartbroken.,0
"Right now, i do not feel okay",0
"Honestly, nothing feels right",0
Oh i do not feel okay,0
I am heartbroken today,0
I do not feel okay.,0
"Honestly, i am heartbroken",0
I feel so down,0
Oh i miss those times,0
Everything is falling apart.,0
I wish things were different today,0
I lost my friend today,0
I feel so down today,0
Oh i am not fine today,0
Oh i am not fine today,0
I lost my friend,0
I do not feel okay today,0
I am not fine today,0
I feel lonely,0
Oh i feel lonely,0
I am heartbroken today,0
My day was terrible,0
I am not fine today,0
Oh i do not feel okay,0
"Honestly, i lost my friend",0
"Honestly, nothing feels right",0
Oh i am heartbroken,0
Nothing feels right today,0
Oh i lost my friend,0
Oh i wish things were different,0
This makes me cry.,0
I miss those times today,0
Oh this is not what i wanted,0
Oh i am heartbroken,0
I lost my friend,0
Everything is falling apart today,0
"Honestly, i am not happy",0
"Honestly, i am heartbroken",0
I feel lonely today,0
Oh everything is falling apart,0
I wish things were different,0
Oh everything is falling apart,0
"Honestly, this makes me cry",0
Oh everything is falling apart,0
I do not feel okay today,0
"Honestly, i feel lonely",0
"Honestly, i miss those times",0
I wish things were different.,0
"Honestly, i feel so down",0
"Honestly, i lost my friend",0
I am not fine today today,0
"Honestly, i am heartbroken",0
This makes me cry today,0
My day was terrible,0
I am not happy,0
This makes me cry.,0
"Honestly, this makes me cry",0
I do not like this situation,0
"Honestly, i do not like this situation",0
Nothing feels right.,0
Oh i am not fine today,0
I feel lonely today,0
Nothing feels right.,0
Oh this makes me cry,0
"Right now, i miss those times",0
Everything is falling apart today,0
"Right now, i miss those times",0
I feel so down.,0
"Right now, i feel so down",0
I do not feel okay today,0
Oh i lost my friend,0
Oh life is beautiful,1
Everything is perfect today,1
This made my day.,1
I do not feel tired,1
"Right now, i cannot stop smiling",1
Oh today is a great day,1
I do not feel tired.,1
Life is beautiful today,1
I feel amazing today today,1
I am full of joy.,1
Oh i love this moment,1
"Honestly, i love this moment",1
Today is a great day.,1
This made my day.,1
"Honestly, today is a great day",1
This is not boring,1
I am very happy.,1
Life is beautiful.,1
"Right now, today is a great day",1
Oh i am very happy,1
Oh that was very funny,1
This made my day today,1
This made my day today,1
Everything is perfect,1
Life is beautiful.,1
Oh i love this moment,1
Everything is perfect,1
I feel amazing today.,1
Oh i am full of joy,1
"Honestly, that was very funny",1
I feel amazing today,1
Today is a great day,1
"Right now, i do not feel bad",1
I cannot stop smiling today,1
"Right now, i love this moment",1
Life is beautiful.,1
Life is beautiful.,1
Everything is perfect today,1
Oh i cannot stop smiling,1
I am not sad today,1
That was very funny today,1
"Honestly, i do not feel bad",1
I am full of joy,1
Oh i cannot stop smiling,1
I am not sad today,1
"Right now, i am full of joy",1
I do not feel bad today,1
Oh i am full of joy,1
"Right now, i am full of joy",1
"Honestly, this is not boring",1
Everything is perfect today,1
"Right now, i feel amazing today",1
I am very happy,1
"Right now, life is beautiful",1
I am not worried at all,1
"Honestly, i feel amazing today",1
Oh this is not boring,1
"Right now, i feel amazing today",1
"Honestly, this made my day",1
I do not feel tired today,1
I do not feel bad,1
"Right now, life is beautiful",1
Oh i am not worried at all,1
I cannot stop smiling today,1
Life is beautiful,1
"Right now, that was very funny",1
Everything is perfect.,1
I am full of joy,1
"Right now, i am very happy",1
"Right now, i am not sad today",1
Today is a great day.,1
Oh i cannot stop smiling,1
I am full of joy.,1
That was very funny today,1
This made my day.,1
"Honestly, everything is perfect",1
Today is a great day today,1
"Honestly, i am not sad today",1
This is not boring,1
I am not sad today.,1
I do not feel bad.,1
"Honestly, i do not feel bad",1
I am not worried at all.,1
I feel amazing today,1
"Right now, this is not boring",1
That was very funny,1
Life is beautiful today,1
This is not boring.,1
"Honestly, i do not feel bad",1
"Right now, this is not boring",1
Life is beautiful today,1
"Right now, everything is perfect",1
"Right now, i feel amazing today",1
"Honestly, today is a great day",1
Oh i do not feel bad,1
That was very funny.,1
I love this moment.,1
I am very happy,1
"Right now, i am not worried at all",1
Today is a great day,1
I feel amazing today.,1
"Right now, i am very happy",1
"Honestly, i do not feel bad",1
Today is a great day.,1
Everything is perfect today,1
This is not boring.,1
Oh today is a great day,1
I am very happy today,1
"Honestly, i do not feel tired",1
"Right now, i am very happy",1
I love this moment,1
That was very funny.,1
This made my day,1
I do not feel tired,1
I cannot stop smiling today,1
Oh this made my day,1
I am very happy today,1
This is not boring today,1
I am not worried at all.,1
"Honestly, i am full of joy",1
I love this moment,1
I feel amazing today.,1
Oh i am not sad today,1
I do not feel tired.,1
Oh i do not feel tired,1
This is not boring,1
"Honestly, i do not feel tired",1
"Right now, this is not boring",1
I feel amazing today,1
I am not worried at all today,1
I do not feel tired,1
That was very funny today,1
"Right now, life is beautiful",1
I cannot stop smiling today,1
"Right now, i am not worried at all",1
I am not sad today.,1
"Honestly, this made my day",1
I am not sad today today,1
Everything is perfect.,1
"Right now, this made my day",1
I cannot stop smiling.,1
I cannot stop smiling.,1
I am full of joy.,1
I feel amazing today,1
"Honestly, life is beautiful",1
Life is beautiful.,1
I am not worried at all.,1
Oh i feel amazing today,1
"Honestly, today is a great day",1
I feel amazing today.,1
Life is beautiful today,1
I do not feel bad.,1
That was very funny today,1
Oh i cannot stop smiling,1
"Honestly, i do not feel tired",1
I feel amazing today,1
Today is a great day today,1
"Right now, that was very funny",1
I cannot stop smiling today,1
I am very happy.,1
I am full of joy,1
"Right now, this made my day",1
"Right now, everything is perfect",1
I am full of joy,1
"Honestly, i am very happy",1
I love this moment today,1
"Honestly, i am not sad today",1
Today is a great day today,1
I am very happy.,1
I love this moment.,1
"Right now, i cannot stop smiling",1
I am full of joy,1
I am full of joy today,1
"Right now, everything is perfect",1
Oh i do not feel tired,1
"Right now, i cannot stop smiling",1
I cannot stop smiling.,1
"Honestly, this made my day",1
"Honestly, this made my day",1
I am not worried at all today,1
"Honestly, i am very happy",1
Everything is perfect.,1
I do not feel bad,1
Oh that was very funny,1
I am very happy today,1
"Honestly, everything is perfect",1
I do not feel bad.,1
Oh this is not boring,1
"Honestly, i am full of joy",1
"Honestly, i cannot stop smiling",1
Today is a great day.,1
"Right now, i feel amazing today",1
"Honestly, i am very happy",1
That was very funny.,1
This is not boring.,1
Oh i feel amazing today,1
Life is beautiful,1
I feel amazing today today,1
Today is a great day.,1
I am not worried at all,1
"Right now, i am very happy",1
This is not boring.,1
"Right now, i do not feel bad",1
"Honestly, i am very happy",1
This is not boring,1
I do not feel tired,1
"Right now, i feel amazing today",1
"Right now, today is a great day",1
Everything is perfect today,1
"Right now, this is not boring",1
"Honestly, today is a great day",1
"Right now, i am very happy",1
"Right now, i love this moment",1
I am not sad today today,1
Oh this made my day,1
"Right now, i am full of joy",1
"Right now, today is a great day",1
I feel amazing today today,1
Oh i love this moment,1
I am very happy,1
Oh today is a great day,1
"Right now, i am full of joy",1
This is not boring.,1
"Right now, everything is perfect",1
"Right now, life is beautiful",1
Oh that was very funny,1
"Honestly, life is beautiful",1
I am very happy.,1
This made my day.,1
I feel amazing today today,1
"Right now, i am not sad today",1
I do not feel bad today,1
"Right now, i feel amazing today",1
I am full of joy,1
"Right now, i love this moment",1
I cannot stop smiling,1
"Honestly, today is a great day",1
"Right now, life is beautiful",1
"Right now, this is not boring",1
Life is beautiful today,1
"Honestly, i do not feel bad",1
Oh i am not worried at all,1
Oh life is beautiful,1
I am very happy,1
Everything is perfect today,1
I cannot stop smiling.,1
Everything is perfect.,1
Oh life is beautiful,1
I am not sad today.,1
Oh i love this moment,1
"Honestly, i am not worried at all",1
Oh life is beautiful,1
Today is a great day today,1
I do not feel tired.,1
I cannot stop smiling.,1
Everything is perfect.,1
I am full of joy,1
I am not sad today,1
I feel amazing today today,1
"Honestly, everything is perfect",1
I cannot stop smiling today,1
I am full of joy,1
"Right now, everything is perfect",1
I love this moment.,1
Oh i am very happy,1
"Honestly, i am full of joy",1
Life is beautiful today,1
"Honestly, i am not worried at all",1
I cannot stop smiling,1
This made my day today,1
I do not feel bad today,1
I do not feel bad.,1
Oh that was very funny,1
"Honestly, today is a great day",1
This made my day.,1
I love this moment today,1
Life is beautiful,1
Today is a great day,1
I love this moment,1
"Honestly, i do not feel bad",1
"Right now, this made my day",1
I love this moment,1
I am not worried at all.,1
"Right now, i do not feel tired",1
Today is a great day,1
I do not feel tired,1
Today is a great day,1
"Right now, i am very happy",1
Oh i love this moment,1
"Honestly, i am not sad today",1
I do not feel bad,1
Oh today is a great day,1
"Honestly, i do not feel bad",1
I am not sad today.,1
"Honestly, i do not feel bad",1
I am not sad today,1
"Right now, this is not boring",1
Oh this is not boring,1
I do not feel tired.,1
I love this moment,1
"Honestly, i love this moment",1
Life is beautiful,1
"Honestly, this made my day",1
I love this moment,1
I am not sad today,1
Today is a great day.,1
Oh everything is perfect,1
I am not sad today.,1
Life is beautiful,1
I am not sad today,1
"Honestly, today is a great day",1
"Honestly, i am full of joy",1
This is not boring today,1
This made my day,1
That was very funny,1
I am very happy,1
I am not worried at all today,1
"Right now, today is a great day",1
"Right now, everything is perfect",1
"Right now, i am full of joy",1
This made my day today,1
"Honestly, life is beautiful",1
"Right now, today is a great day",1
"Right now, today is a great day",1
"Honestly, i feel amazing today",1
I cannot stop smiling today,1
"Honestly, i am not sad today",1
Today is a great day.,1
I am not sad today today,1
I cannot stop smiling.,1
Oh i am full of joy,1
"Honestly, i cannot stop smiling",1
"Honestly, i do not feel bad",1
"Honestly, i am not worried at all",1
"Honestly, today is a great day",1
I do not feel bad,1
Everything is perfect,1
Oh that was very funny,1
"Honestly, i am not worried at all",1
"Right now, life is beautiful",1
"Right now, that was very funny",1
I am full of joy,1
I am full of joy.,1
Oh life is beautiful,1
Today is a great day today,1
I feel amazing today.,1
I am not sad today today,1
I do not feel tired.,1
"Honestly, this is not boring",1
Oh i am not worried at all,1
I do not feel bad,1
"Honestly, i cannot stop smiling",1
"Right now, i am very happy",1
Oh this is not boring,1
This is not boring today,1
Life is beautiful.,1
This made my day.,1
"Right now, life is beautiful",1
Everything is perfect,1
Oh today is a great day,1
I do not feel bad today,1
Oh that was very funny,1
"Honestly, i love this moment",1
Today is a great day.,1
"Right now, this is not boring",1
Everything is perfect today,1
"Honestly, i am not worried at all",1
"Right now, i feel amazing today",1
Oh i cannot stop smiling,1
"Honestly, this is not boring",1
I love this moment today,1
I am very happy,1
Oh i do not feel tired,1
"Right now, this made my day",1
I cannot stop smiling.,1
Everything is perfect today,1
Life is beautiful today,1
I am very happy.,1
Everything is perfect,1
I do not feel bad.,1
I am full of joy.,1
"Right now, i am not sad today",1
Everything is perfect,1
That was very funny,1
"Right now, i am not sad today",1
I am not worried at all.,1
I am very happy,1
I love this moment.,1
That was very funny today,1
I do not feel tired,1
I am not sad today today,1
This made my day.,1
Oh i am full of joy,1
"Honestly, everything is perfect",1
"Honestly, i am not worried at all",1
I do not feel tired,1
This made my day today,1
I am not worried at all,1
I am not sad today,1
Oh i do not feel tired,1
I am very happy.,1
I am full of joy,1
Today is a great day,1
"Honestly, i feel amazing today",1
I cannot stop smiling.,1
"Honestly, today is a great day",1
"Right now, i do not feel tired",1
"Honestly, i am not worried at all",1
Everything is perfect.,1
"Honestly, i am full of joy",1
I cannot stop smiling.,1
Oh i do not feel bad,1
"Right now, i do not feel tired",1
"Right now, today is a great day",1
"Right now, i love this moment",1
"Honestly, that was very funny",1
"Right now, this is not boring",1
"Honestly, this is not boring",1
Everything is perfect today,1
"Honestly, today is a great day",1
"Right now, i am not sad today",1
I feel amazing today,1
I am very happy today,1
I am not sad today today,1
Oh i do not feel bad,1
I do not feel tired today,1
"Right now, i am very happy",1
"Honestly, that was very funny",1
"Honestly, i am not sad today",1
"Right now, i love this moment",1
Everything is perfect,1
I love this moment.,1
I am very happy.,1
That was very funny,1
This is not boring,1
This is not boring,1
I am not sad today today,1
Everything is perfect,1
"Right now, today is a great day",1
I do not feel bad.,1
I love this moment,1
"Honestly, life is beautiful",1
"Honestly, i cannot stop smiling",1
This made my day.,1
Oh i am very happy,1
That was very funny.,1
Oh i am very happy,1
"Honestly, i do not feel bad",1
I love this moment today,1
Life is beautiful.,1
I am not worried at all.,1
I love this moment.,1
Everything is perfect.,1
I am not sad today.,1
"Honestly, i am not sad today",1
"Right now, i cannot stop smiling",1
"Right now, i am very happy",1
I am not worried at all,1
Oh this made my day,1
I feel amazing today,1
Life is beautiful,1
I do not feel tired,1
I am full of joy today,1
I do not feel tired,1
Oh this made my day,1
I do not feel bad today,1
Life is beautiful,1
Oh this made my day,1
"Honestly, this made my day",1
Today is a great day.,1
That was very funny,1
"Right now, everything is perfect",1
"Honestly, everything is perfect",1
"Honestly, this is not boring",1
I do not feel tired.,1
I am full of joy,1
I am very happy today,1
I am not worried at all today,1
I do not feel tired.,1
I am not sad today,1
I am not sad today,1
I am not sad today today,1
This is not boring,1
"Honestly, i do not feel bad",1
I am not sad today.,1
Life is beautiful,1
I do not feel bad today,1
I do not feel bad,1
I love this moment,1
"Honestly, i am not worried at all",1
This is not boring.,1
"Honestly, i am not sad today",1
"Honestly, that was very funny",1
I love this moment.,1
Oh i do not feel tired,1
I am not worried at all today,1
I do not feel bad today,1
Today is a great day today,1
"Honestly, this is not boring",1
I do not feel tired.,1
"Honestly, you are my favorite person",2
"Honestly, i care deeply for you",2
Oh i do not hate you,2
"Right now, i always think about you",2
I am not afraid of loving you.,2
Oh i feel connected to you,2
"Honestly, you do not make me sad",2
I am not afraid of loving you.,2
"Honestly, i do not hate you",2
You do not make me sad.,2
Oh i am not afraid of loving you,2
"Honestly, i am not afraid of loving you",2
"Honestly, i love you",2
"Right now, i care deeply for you",2
Oh you do not make me sad,2
Oh you do not make me sad,2
"Right now, i am not angry with you",2
Oh i am not afraid of loving you,2
"Right now, i always think about you",2
I adore you.,2
Oh i care deeply for you,2
I am not angry with you,2
"Right now, i am not angry with you",2
Oh this is not just friendship,2
I do not hate you today,2
You are my world,2
"Right now, you mean everything to me",2
You mean everything to me.,2
You mean everything to me,2
Oh i care deeply for you,2
"Right now, you do not make me sad",2
"Right now, i do not hate you",2
You mean everything to me,2
"Right now, my heart belongs to you",2
"Honestly, i always think about you",2
"Honestly, this is not just friendship",2
You do not make me sad,2
This is not just friendship.,2
My heart belongs to you.,2
"Honestly, i always think about you",2
Oh i love you,2
I care deeply for you,2
Oh i do not hate you,2
You make my heart warm,2
Oh this is not just friendship,2
"Honestly, i always think about you",2
"Right now, i do not hate you",2
"Right now, this is not just friendship",2
"Honestly, i am not afraid of loving you",2
"Honestly, i adore you",2
Oh this is not just friendship,2
I do not hate you,2
"Right now, i am not angry with you",2
"Right now, i adore you",2
You are my world today,2
"Honestly, you are my world",2
My heart belongs to you.,2
Oh you do not make me sad,2
I am not afraid of loving you today,2
My heart belongs to you,2
"Honestly, you mean everything to me",2
"Honestly, i adore you",2
I do not hate you,2
I care deeply for you today,2
I feel connected to you,2
You are my world,2
"Right now, my heart belongs to you",2
"Honestly, you are my world",2
You make my heart warm today,2
This is not just friendship,2
"Honestly, this is not just friendship",2
"Honestly, i always think about you",2
I always think about you today,2
"Honestly, i adore you",2
This is not just friendship today,2
"Honestly, you mean everything to me",2
"Right now, i am not angry with you",2
You mean everything to me today,2
"Honestly, i care deeply for you",2
"Right now, my heart belongs to you",2
"Right now, my heart belongs to you",2
You are my favorite person today,2
You make my heart warm.,2
"Honestly, you mean everything to me",2
I am not afraid of loving you,2
Oh this is not just friendship,2
You mean everything to me today,2
Oh you mean everything to me,2
You make my heart warm,2
I do not hate you today,2
You are my world today,2
I am not angry with you today,2
I care deeply for you.,2
"Honestly, you do not make me sad",2
I feel connected to you.,2
"Honestly, you mean everything to me",2
"Right now, i always think about you",2
Oh you are my world,2
"Right now, i adore you",2
"Honestly, i do not hate you",2
You make my heart warm today,2
Oh i care deeply for you,2
"Honestly, i always think about you",2
I love you,2
"Honestly, i am not angry with you",2
I do not hate you,2
You do not make me sad,2
You mean everything to me today,2
Oh i love you,2
Oh you do not make me sad,2
I feel connected to you.,2
"Honestly, this is not just friendship",2
"Right now, you are my world",2
Oh i feel connected to you,2
Oh you mean everything to me,2
I am not angry with you today,2
I love you,2
Oh i am not afraid of loving you,2
"Honestly, you are my favorite person",2
"Honestly, you are my world",2
"Honestly, i adore you",2
You mean everything to me.,2
Oh i love you,2
Oh i feel connected to you,2
"Honestly, you are my favorite person",2
I always think about you,2
Oh you do not make me sad,2
"Right now, i love you",2
You make my heart warm today,2
Oh i am not angry with you,2
I do not hate you,2
I love you,2
Oh i feel connected to you,2
I feel connected to you.,2
You are my favorite person today,2
"Right now, i feel connected to you",2
You are my world,2
Oh you are my favorite person,2
"Honestly, i feel connected to you",2
Oh i do not hate you,2
"Right now, my heart belongs to you",2
You make my heart warm.,2
Oh i love you,2
"Right now, you mean everything to me",2
"Honestly, this is not just friendship",2
This is not just friendship.,2
"Right now, you make my heart warm",2
"Right now, you make my heart warm",2
"Right now, i feel connected to you",2
"Right now, you do not make me sad",2
I care deeply for you today,2
You mean everything to me,2
I am not angry with you.,2
You make my heart warm.,2
"Right now, you are my world",2
Oh i love you,2
Oh my heart belongs to you,2
"Honestly, i do not hate you",2
This is not just friendship,2
"Right now, you do not make me sad",2
You do not make me sad today,2
"Right now, i adore you",2
You make my heart warm.,2
You are my world.,2
"Right now, you do not make me sad",2
Oh you mean everything to me,2
"Right now, you mean everything to me",2
"Right now, i adore you",2
I love you.,2
I am not afraid of loving you,2
Oh i love you,2
You are my favorite person today,2
"Honestly, i always think about you",2
"Right now, i feel connected to you",2
"Honestly, you do not make me sad",2
My heart belongs to you.,2
"Right now, you do not make me sad",2
Oh i am not angry with you,2
"Honestly, i do not hate you",2
"Right now, i am not angry with you",2
"Right now, i am not afraid of loving you",2
I love you today,2
You are my favorite person today,2
You mean everything to me.,2
Oh my heart belongs to you,2
"Right now, i love you",2
You are my favorite person,2
"Right now, i do not hate you",2
Oh i always think about you,2
"Right now, you do not make me sad",2
You mean everything to me.,2
"Right now, i love you",2
I feel connected to you today,2
I always think about you.,2
"Honestly, i am not angry with you",2
"Honestly, you make my heart warm",2
"Honestly, i always think about you",2
You are my favorite person,2
You are my favorite person,2
"Honestly, this is not just friendship",2
"Honestly, i care deeply for you",2
You are my favorite person,2
I am not angry with you.,2
I always think about you.,2
"Right now, you are my favorite person",2
My heart belongs to you,2
Oh you mean everything to me,2
"Honestly, this is not just friendship",2
I always think about you.,2
"Right now, you are my world",2
Oh i care deeply for you,2
My heart belongs to you today,2
I feel connected to you.,2
You mean everything to me,2
I am not angry with you,2
Oh you do not make me sad,2
I always think about you.,2
Oh i do not hate you,2
"Right now, i adore you",2
"Honestly, i love you",2
You are my favorite person.,2
I always think about you.,2
"Right now, my heart belongs to you",2
"Honestly, my heart belongs to you",2
I love you,2
I am not afraid of loving you today,2
You do not make me sad,2
You make my heart warm.,2
"Right now, you do not make me sad",2
Oh i love you,2
"Honestly, my heart belongs to you",2
You are my world,2
"Honestly, you mean everything to me",2
You do not make me sad.,2
Oh you are my favorite person,2
Oh you are my favorite person,2
My heart belongs to you today,2
You make my heart warm,2
"Honestly, i am not angry with you",2
"Right now, you make my heart warm",2
You make my heart warm.,2
I am not angry with you today,2
Oh i always think about you,2
"Right now, i always think about you",2
You mean everything to me today,2
I care deeply for you today,2
I love you,2
"Honestly, i am not angry with you",2
Oh i am not angry with you,2
I do not hate you,2
"Right now, i care deeply for you",2
"Honestly, this is not just friendship",2
"Honestly, you are my world",2
"Honestly, i love you",2
Oh i am not angry with you,2
You mean everything to me.,2
"Right now, i care deeply for you",2
You do not make me sad,2
This is not just friendship today,2
"Honestly, i feel connected to you",2
I adore you.,2
"Right now, i love you",2
This is not just friendship,2
"Right now, i always think about you",2
"Honestly, i feel connected to you",2
Oh you are my favorite person,2
"Honestly, i feel connected to you",2
I always think about you.,2
My heart belongs to you.,2
Oh my heart belongs to you,2
I care deeply for you,2
"Honestly, i care deeply for you",2
Oh i am not angry with you,2
You are my world today,2
"Right now, i feel connected to you",2
Oh you mean everything to me,2
I adore you,2
"Right now, you do not make me sad",2
You do not make me sad,2
My heart belongs to you.,2
Oh i love you,2
"Right now, you are my favorite person",2
You do not make me sad.,2
I love you.,2
You are my favorite person today,2
Oh i feel connected to you,2
You are my favorite person today,2
"Honestly, i do not hate you",2
"Right now, i feel connected to you",2
I feel connected to you today,2
"Right now, i love you",2
I feel connected to you.,2
I always think about you today,2
Oh this is not just friendship,2
Oh i always think about you,2
"Honestly, you are my world",2
Oh you are my world,2
I do not hate you,2
Oh you are my world,2
You do not make me sad.,2
You are my world,2
I do not hate you today,2
"Honestly, you make my heart warm",2
I am not afraid of loving you,2
Oh this is not just friendship,2
Oh my heart belongs to you,2
This is not just friendship,2
"Honestly, i am not afraid of loving you",2
"Right now, i am not afraid of loving you",2
I feel connected to you.,2
I care deeply for you today,2
"Honestly, i love you",2
I love you today,2
Oh i am not afraid of loving you,2
I do not hate you today,2
I do not hate you today,2
Oh i love you,2
I am not angry with you.,2
I am not afraid of loving you today,2
You are my favorite person,2
You are my favorite person today,2
You do not make me sad.,2
I love you.,2
"Right now, this is not just friendship",2
This is not just friendship.,2
I am not angry with you today,2
You are my favorite person.,2
"Honestly, i care deeply for you",2
I am not angry with you,2
"Honestly, this is not just friendship",2
"Honestly, you are my favorite person",2
You do not make me sad today,2
I feel connected to you,2
"Honestly, you mean everything to me",2
"Honestly, i feel connected to you",2
Oh you mean everything to me,2
"Honestly, you are my favorite person",2
You are my world.,2
I adore you,2
You are my world today,2
"Right now, my heart belongs to you",2
Oh you mean everything to me,2
"Honestly, my heart belongs to you",2
You do not make me sad today,2
Oh you make my heart warm,2
Oh i love you,2
You do not make me sad,2
"Right now, i care deeply for you",2
"Right now, i adore you",2
I love you.,2
This is not just friendship,2
I love you.,2
"Right now, i am not angry with you",2
I adore you,2
"Right now, you are my world",2
I adore you.,2
"Right now, this is not just friendship",2
Oh this is not just friendship,2
"Right now, i care deeply for you",2
You make my heart warm,2
"Honestly, i am not angry with you",2
"Honestly, i feel connected to you",2
"Right now, you are my favorite person",2
I always think about you,2
"Right now, i always think about you",2
My heart belongs to you,2
I feel connected to you today,2
You do not make me sad.,2
I am not angry with you today,2
Oh i am not afraid of loving you,2
"Right now, i am not angry with you",2
I am not angry with you.,2
You do not make me sad.,2
You make my heart warm today,2
"Honestly, i love you",2
You are my world today,2
"Honestly, i feel connected to you",2
"Right now, you do not make me sad",2
"Right now, i always think about you",2
"Honestly, you are my favorite person",2
I am not afraid of loving you,2
Oh you are my favorite person,2
"Honestly, you are my favorite person",2
Oh i am not angry with you,2
I adore you today,2
I do not hate you,2
"Honestly, you mean everything to me",2
I always think about you,2
"Honestly, i do not hate you",2
"Right now, this is not just friendship",2
I do not hate you.,2
I always think about you,2
You are my favorite person today,2
I am not afraid of loving you today,2
"Right now, you are my world",2
"Honestly, you are my favorite person",2
Oh you are my world,2
Oh i love you,2
"Honestly, this is not just friendship",2
I love you,2
You are my favorite person,2
Oh you make my heart warm,2
I do not hate you today,2
My heart belongs to you today,2
I love you.,2
"Honestly, i am not angry with you",2
This is not just friendship.,2
Oh i do not hate you,2
I care deeply for you.,2
This is not just friendship,2
You are my favorite person.,2
"Honestly, you do not make me sad",2
Oh you are my favorite person,2
You make my heart warm today,2
I always think about you today,2
You are my favorite person today,2
You do not make me sad.,2
I always think about you.,2
You are my world.,2
You mean everything to me today,2
"Right now, my heart belongs to you",2
"Right now, you make my heart warm",2
"Honestly, i am not angry with you",2
I do not hate you,2
"Honestly, you are my favorite person",2
I love you today,2
You mean everything to me,2
I care deeply for you.,2
Oh you are my world,2
You mean everything to me.,2
Oh i adore you,2
I am not angry with you,2
I do not hate you,2
"Honestly, i always think about you",2
"Honestly, you are my world",2
Oh i am not afraid of loving you,2
You do not make me sad.,2
"Right now, i am not afraid of loving you",2
You are my favorite person.,2
"Honestly, you are my world",2
I am not angry with you.,2
"Honestly, my heart belongs to you",2
"Honestly, i always think about you",2
I adore you.,2
My heart belongs to you today,2
You are my favorite person.,2
You make my heart warm,2
I am not angry with you,2
"Honestly, i always think about you",2
I care deeply for you,2
I am not angry with you.,2
This is not just friendship today,2
"Honestly, my heart belongs to you",2
"Honestly, i feel connected to you",2
"Honestly, you are my world",2
"Right now, my heart belongs to you",2
You mean everything to me today,2
"Right now, i adore you",2
"Honestly, i love you",2
I am not angry with you.,2
I am not angry with you,2
My heart belongs to you today,2
"Honestly, you are my world",2
I am not afraid of loving you,2
"Honestly, you do not make me sad",2
I am not afraid of loving you today,2
You are my favorite person,2
You do not make me sad today,2
"Right now, my heart belongs to you",2
I adore you,2
Oh this is not just friendship,2
I care deeply for you,2
Oh i do not hate you,2
You mean everything to me today,2
Oh you are my favorite person,2
"Right now, i always think about you",2
Oh you mean everything to me,2
This is not just friendship.,2
Oh you do not make me sad,2
My heart belongs to you,2
I am not afraid of loving you,2
"Right now, i adore you",2
I am not afraid of loving you today,2
"Honestly, my heart belongs to you",2
"Right now, you mean everything to me",2
"Honestly, i am not afraid of loving you",2
I care deeply for you today,2
"Right now, you are my favorite person",2
Oh you do not make me sad,2
You make my heart warm,2
Oh i adore you,2
"Right now, you are my favorite person",2
Oh you are my world,2
You do not make me sad.,2
"Honestly, my heart belongs to you",2
Oh this is not just friendship,2
"Honestly, you are my favorite person",2
"Right now, i am not afraid of loving you",2
I always think about you,2
I do not hate you today,2
Oh i am not going to forgive this,3
I am furious right now.,3
"Honestly, i am not calm",3
"Honestly, this makes me mad",3
Oh this makes me mad,3
Oh i do not like this behavior,3
I am not calm,3
"Right now, i am furious right now",3
I am not going to forgive this.,3
I am not calm today,3
Oh stop bothering me,3
Oh i cannot stand this,3
I cannot stand this.,3
Oh i am losing my patience,3
Oh i do not like this behavior,3
This makes me mad today,3
"Honestly, i am not okay with this",3
"Honestly, i am not calm",3
I am very angry.,3
Oh i am very angry,3
"Right now, this is so annoying",3
"Honestly, i hate when this happens",3
"Honestly, i am not calm",3
Oh this is so annoying,3
"Honestly, i cannot stand this",3
"Right now, i am furious right now",3
This makes me mad.,3
I am not calm.,3
"Honestly, i cannot believe this",3
I am not going to forgive this,3
I am furious right now,3
"Right now, i do not like this behavior",3
"Honestly, i hate when this happens",3
"Honestly, i cannot believe this",3
Oh that was unfair,3
"Right now, i cannot believe this",3
"Right now, i cannot stand this",3
Oh this makes me mad,3
"Honestly, i am not calm",3
This makes me mad today,3
That was unfair,3
"Right now, i am not okay with this",3
This is not acceptable,3
I am not okay with this today,3
I cannot believe this today,3
"Honestly, stop bothering me",3
I am losing my patience today,3
"Right now, i cannot believe this",3
"Right now, i am not going to forgive this",3
"Honestly, i am furious right now",3
"Right now, i do not like this behavior",3
"Right now, i am not calm",3
That was unfair today,3
I am not okay with this today,3
"Right now, i am losing my patience",3
"Right now, i hate when this happens",3
This is not acceptable today,3
Stop bothering me,3
Oh this is so annoying,3
"Right now, this makes me mad",3
I do not like this behavior today,3
Oh this is so annoying,3
"Honestly, i am not okay with this",3
I am losing my patience today,3
Stop bothering me,3
"Honestly, stop bothering me",3
"Honestly, i hate when this happens",3
I cannot stand this.,3
Oh i am furious right now,3
"Honestly, this is so annoying",3
This is so annoying,3
"Right now, i am furious right now",3
I am not okay with this.,3
I am very angry today,3
"Right now, i hate when this happens",3
I am not going to forgive this,3
Oh this makes me mad,3
"Right now, i am not okay with this",3
"Right now, i cannot believe this",3
"Right now, i cannot believe this",3
"Right now, stop bothering me",3
"Right now, i am losing my patience",3
This makes me mad,3
"Right now, i am very angry",3
Oh i do not like this behavior,3
I am very angry,3
"Right now, stop bothering me",3
I am losing my patience today,3
I am losing my patience today,3
"Right now, this is not acceptable",3
I hate when this happens,3
I am not calm today,3
I hate when this happens today,3
I hate when this happens,3
"Honestly, i am very angry",3
I hate when this happens.,3
"Right now, i do not like this behavior",3
Stop bothering me,3
"Honestly, i am not going to forgive this",3
"Honestly, this makes me mad",3
Oh this is not acceptable,3
I hate when this happens today,3
"Honestly, i cannot believe this",3
I am very angry today,3
Oh i am not calm,3
Oh i am furious right now,3
"Honestly, i am not going to forgive this",3
I am not calm today,3
Oh stop bothering me,3
I cannot stand this,3
Stop bothering me,3
"Right now, i am very angry",3
I am not calm,3
Oh this is not acceptable,3
I do not like this behavior,3
Oh i am not going to forgive this,3
That was unfair,3
"Right now, i am not okay with this",3
"Right now, i cannot stand this",3
This is so annoying today,3
This is not acceptable.,3
I am losing my patience today,3
"Honestly, i hate when this happens",3
Oh i am not going to forgive this,3
I am furious right now today,3
I am losing my patience.,3
"Right now, i am furious right now",3
I cannot believe this,3
Oh this is so annoying,3
Stop bothering me today,3
I hate when this happens.,3
I am losing my patience,3
I hate when this happens,3
"Honestly, that was unfair",3
Oh stop bothering me,3
This makes me mad.,3
"Honestly, i am furious right now",3
I am very angry.,3
I am very angry today,3
"Honestly, i am very angry",3
I am not going to forgive this today,3
"Right now, i am not calm",3
Stop bothering me.,3
I am very angry.,3
I am not calm today,3
I am very angry,3
"Right now, i cannot believe this",3
"Honestly, i am not going to forgive this",3
"Honestly, i cannot believe this",3
"Right now, that was unfair",3
"Right now, i do not like this behavior",3
I cannot stand this,3
I am not okay with this,3
I am very angry today,3
I am furious right now.,3
Oh i do not like this behavior,3
Oh i am not going to forgive this,3
I am losing my patience today,3
"Right now, that was unfair",3
This is not acceptable today,3
"Right now, stop bothering me",3
Oh i cannot believe this,3
"Right now, this is so annoying",3
"Honestly, i am not calm",3
"Right now, that was unfair",3
I am very angry,3
I cannot stand this today,3
"Right now, i am furious right now",3
I am not going to forgive this,3
I hate when this happens.,3
Oh this makes me mad,3
This is so annoying today,3
"Right now, i am not going to forgive this",3
I am losing my patience,3
Oh i am losing my patience,3
Oh i am not calm,3
"Honestly, i cannot stand this",3
Stop bothering me,3
"Right now, this is so annoying",3
"Honestly, i do not like this behavior",3
"Right now, i am losing my patience",3
"Right now, i hate when this happens",3
I am furious right now today,3
I am very angry.,3
This is not acceptable today,3
"Honestly, stop bothering me",3
That was unfair.,3
"Right now, i cannot stand this",3
"Honestly, i hate when this happens",3
"Right now, that was unfair",3
I am not okay with this today,3
Oh this is so annoying,3
"Right now, i do not like this behavior",3
Oh i am very angry,3
"Right now, i am very angry",3
"Honestly, i am not okay with this",3
Stop bothering me today,3
Oh this is so annoying,3
Stop bothering me today,3
"Right now, i cannot believe this",3
I do not like this behavior,3
I hate when this happens,3
"Honestly, that was unfair",3
I do not like this behavior,3
That was unfair,3
I am losing my patience.,3
This is so annoying,3
I hate when this happens today,3
Oh i am not okay with this,3
I am not okay with this today,3
"Right now, i hate when this happens",3
"Honestly, i am not calm",3
"Right now, i am very angry",3
Oh i am losing my patience,3
"Right now, this is not acceptable",3
I cannot believe this today,3
This is so annoying.,3
"Right now, this makes me mad",3
I do not like this behavior.,3
"Honestly, i am furious right now",3
I am not okay with this.,3
Oh that was unfair,3
That was unfair today,3
Oh i am very angry,3
Oh this makes me mad,3
I do not like this behavior today,3
I cannot believe this.,3
I hate when this happens today,3
I cannot stand this.,3
I am very angry,3
That was unfair,3
"Right now, i cannot stand this",3
I am very angry today,3
"Honestly, i am losing my patience",3
Oh this is so annoying,3
This is not acceptable,3
"Right now, that was unfair",3
I am not calm,3
I am not going to forgive this today,3
I am losing my patience.,3
Stop bothering me today,3
I do not like this behavior today,3
Oh i am not going to forgive this,3
I cannot stand this today,3
This is not acceptable,3
Oh i am not calm,3
Stop bothering me.,3
This is so annoying.,3
"Right now, i do not like this behavior",3
"Right now, i am losing my patience",3
Oh i am losing my patience,3
I am not calm.,3
Oh i am not going to forgive this,3
"Honestly, stop bothering me",3
"Right now, this is so annoying",3
"Right now, that was unfair",3
I am not okay with this today,3
I am not okay with this,3
"Right now, this is not acceptable",3
I am not calm.,3
Oh this makes me mad,3
That was unfair today,3
"Honestly, i am not okay with this",3
"Right now, i cannot stand this",3
"Honestly, stop bothering me",3
"Honestly, i cannot stand this",3
I do not like this behavior.,3
This is so annoying,3
This makes me mad.,3
"Honestly, that was unfair",3
"Right now, i cannot stand this",3
I hate when this happens today,3
Oh i am losing my patience,3
This is so annoying,3
Oh i cannot stand this,3
"Right now, i hate when this happens",3
Oh this is not acceptable,3
Oh i am not going to forgive this,3
I cannot stand this today,3
"Right now, that was unfair",3
I am furious right now today,3
"Right now, i am not calm",3
"Honestly, this makes me mad",3
"Right now, stop bothering me",3
"Honestly, i hate when this happens",3
Oh i am not calm,3
"Honestly, i cannot stand this",3
This is so annoying today,3
Oh i am not okay with this,3
"Right now, i cannot believe this",3
That was unfair.,3
This is so annoying.,3
I hate when this happens.,3
I cannot stand this,3
I am not going to forgive this,3
"Honestly, this makes me mad",3
Oh this is not acceptable,3
This makes me mad.,3
"Honestly, that was unfair",3
I cannot stand this,3
"Honestly, this is not acceptable",3
"Honestly, i hate when this happens",3
"Right now, i cannot believe this",3
"Right now, this is not acceptable",3
I cannot believe this.,3
I do not like this behavior.,3
"Right now, i am losing my patience",3
"Right now, i cannot believe this",3
Oh this is so annoying,3
"Right now, stop bothering me",3
I cannot believe this today,3
I am losing my patience,3
This is so annoying,3
"Right now, i am not calm",3
This makes me mad,3
This is so annoying.,3
Oh i am not calm,3
Oh this is so annoying,3
I am not calm,3
"Honestly, i am very angry",3
"Right now, i am losing my patience",3
I am not okay with this today,3
I am very angry.,3
"Honestly, this is so annoying",3
I am not going to forgive this.,3
"Honestly, i cannot stand this",3
Oh i cannot believe this,3
I am very angry.,3
"Honestly, i cannot believe this",3
I hate when this happens,3
I am not okay with this,3
Oh this is so annoying,3
This is so annoying.,3
"Right now, stop bothering me",3
I hate when this happens.,3
This is not acceptable today,3
Oh i hate when this happens,3
"Right now, i do not like this behavior",3
Stop bothering me today,3
This makes me mad today,3
"Honestly, i am very angry",3
"Right now, i am not calm",3
Oh i do not like this behavior,3
This is not acceptable,3
I am losing my patience.,3
"Right now, this is so annoying",3
Oh this makes me mad,3
Oh i am not going to forgive this,3
This makes me mad,3
I am losing my patience.,3
This makes me mad today,3
I am very angry today,3
That was unfair,3
I am not going to forgive this,3
That was unfair.,3
This is so annoying.,3
"Right now, that was unfair",3
I am very angry,3
Oh this is not acceptable,3
I hate when this happens.,3
Oh i am not calm,3
This is so annoying.,3
I hate when this happens,3
I am not okay with this today,3
I am very angry,3
Oh i hate when this happens,3
"Honestly, this is not acceptable",3
Oh i am not going to forgive this,3
"Right now, i am not going to forgive this",3
I am not calm.,3
"Honestly, this is not acceptable",3
I am losing my patience today,3
"Honestly, i cannot believe this",3
"Right now, i am not going to forgive this",3
This makes me mad,3
I am very angry,3
That was unfair.,3
This is not acceptable.,3
Oh i am not going to forgive this,3
I hate when this happens,3
I am furious right now.,3
This is so annoying.,3
"Right now, i do not like this behavior",3
"Honestly, that was unfair",3
That was unfair.,3
This is not acceptable today,3
I hate when this happens,3
I do not like this behavior today,3
That was unfair.,3
This is so annoying today,3
I hate when this happens today,3
I cannot stand this today,3
This is not acceptable,3
This is not acceptable.,3
This is not acceptable,3
I am losing my patience today,3
I am furious right now today,3
I do not like this behavior today,3
This is so annoying today,3
"Honestly, this is so annoying",3
"Honestly, stop bothering me",3
This is so annoying today,3
"Right now, i do not like this behavior",3
I am very angry.,3
I am not okay with this.,3
I cannot stand this,3
This is so annoying.,3
Oh i cannot stand this,3
I do not like this behavior,3
This makes me mad.,3
"Right now, i do not like this behavior",3
I do not like this behavior today,3
"Right now, this is not acceptable",3
"Right now, this is so annoying",3
This makes me mad,3
"Right now, this makes me mad",3
Oh i am very angry,3
I am not going to forgive this,3
"Right now, i am not calm",3
Stop bothering me today,3
"Right now, i am losing my patience",3
This makes me mad.,3
I am losing my patience today,3
Oh i cannot believe this,3
Oh that was unfair,3
I am not okay with this today,3
Oh this is so annoying,3
"Right now, i am furious right now",3
This is so annoying today,3
"Honestly, i am not going to forgive this",3
"Right now, that was unfair",3
This is not acceptable today,3
I cannot believe this.,3
"Honestly, i do not like this behavior",3
"Right now, i cannot stand this",3
Stop bothering me,3
"Honestly, i am not okay with this",3
"Right now, i am furious right now",3
I hate when this happens today,3
I am furious right now today,3
I cannot stand this.,3
Oh stop bothering me,3
"Honestly, i cannot stand this",3
"Right now, i am very angry",3
Oh i am not going to forgive this,3
Stop bothering me.,3
"Honestly, that was unfair",3
"Honestly, i cannot stand this",3
Oh i am losing my patience,3
Stop bothering me today,3
I am losing my patience today,3
"Honestly, this makes me mad",3
I cannot believe this.,3
Oh i am not okay with this,3
This is so annoying.,3
I am not calm today,3
I am not calm.,3
This is so annoying.,3
"Right now, i am losing my patience",3
Oh i hate when this happens,3
"Right now, i am losing my patience",3
I cannot stand this.,3
This makes me mad,3
I cannot stand this today,3
"Right now, i am very angry",3
I am not going to forgive this,3
"Honestly, i do not like this behavior",3
Oh this makes me mad,3
Oh this is so annoying,3
"Right now, this is not acceptable",3
That was unfair today,3
I do not like this behavior.,3
"Right now, i cannot believe this",3
Oh i am very angry,3
"Honestly, i cannot stand this",3
"Honestly, this makes me mad",3
"Right now, i do not like this behavior",3
I am furious right now.,3
"Honestly, this is so annoying",3
"Honestly, i am very angry",3
This is not acceptable.,3
I am furious right now today,3
Oh that was unfair,3
I am very angry today,3
I am not going to forgive this,3
Oh i am not calm,3
I am not okay with this,3
Oh this is not acceptable,3
"Right now, i am not going to forgive this",3
"Honestly, that was unfair",3
I am not calm today,3
I am losing my patience today,3
Stop bothering me today,3
Oh stop bothering me,3
"Right now, i am not okay with this",3
I am losing my patience today,3
Stop bothering me.,3
I am not okay with this,3
I am not calm today,3
This is so annoying.,3
"Honestly, i feel unsafe",4
"Right now, i heard strange noises",4
"Honestly, i feel unsafe",4
"Honestly, i heard strange noises",4
I heard strange noises,4
"Right now, i cannot sleep tonight",4
This is terrifying,4
This gives me chills.,4
I am not ready for this,4
"Honestly, something feels wrong",4
I cannot sleep tonight.,4
I cannot do this.,4
I heard strange noises today,4
Oh this is not normal,4
Oh this is terrifying,4
"Honestly, i am afraid of the dark",4
"Right now, i am not feeling safe",4
I feel unsafe today,4
This is not normal today,4
This gives me chills,4
Something feels wrong.,4
"Honestly, i do not trust this place",4
This is terrifying,4
I do not trust this place.,4
Oh i cannot sleep tonight,4
"Right now, my heart is racing",4
I am not ready for this today,4
"Right now, i cannot do this",4
"Right now, my heart is racing",4
I do not feel protected.,4
I do not trust this place,4
I do not feel protected today,4
I am not feeling safe.,4
"Right now, i do not trust this place",4
Oh this gives me chills,4
I am not ready for this.,4
Oh i am afraid of the dark,4
Oh i am not feeling safe,4
This is not normal today,4
"Honestly, i am not feeling safe",4
"Honestly, something feels wrong",4
"Honestly, i cannot do this",4
I do not trust this place,4
My heart is racing,4
My heart is racing,4
"Honestly, i feel unsafe",4
"Honestly, i feel unsafe",4
Oh i do not feel protected,4
I am not feeling safe today,4
My heart is racing,4
Oh i do not trust this place,4
This gives me chills today,4
Something feels wrong,4
I feel unsafe today,4
Oh something feels wrong,4
This is terrifying.,4
"Right now, my heart is racing",4
"Honestly, i heard strange noises",4
"Honestly, i heard strange noises",4
Oh i am scared,4
"Right now, i am not feeling safe",4
"Honestly, i am afraid of the dark",4
My heart is racing,4
I cannot sleep tonight.,4
"Honestly, this is not normal",4
"Right now, i feel unsafe",4
Oh i do not trust this place,4
Oh i cannot sleep tonight,4
This gives me chills.,4
"Right now, i am afraid of the dark",4
I cannot sleep tonight.,4
This is not normal,4
I do not feel protected,4
This gives me chills today,4
"Honestly, i am not ready for this",4
This is terrifying today,4
This is not normal,4
"Honestly, i do not feel protected",4
Oh this gives me chills,4
Oh this is terrifying,4
I do not trust this place.,4
I do not trust this place today,4
This is not normal,4
Oh my heart is racing,4
I am scared.,4
"Honestly, my heart is racing",4
"Honestly, i do not trust this place",4
Oh i am not feeling safe,4
Oh i do not feel protected,4
I cannot sleep tonight today,4
I am not ready for this.,4
I am not ready for this today,4
"Right now, this is terrifying",4
I am scared.,4
"Right now, this is not normal",4
"Right now, i cannot do this",4
Oh this gives me chills,4
I cannot sleep tonight,4
I do not feel protected.,4
I am scared today,4
"Honestly, i feel unsafe",4
Oh my heart is racing,4
"Right now, this is not normal",4
I am not feeling safe,4
This is not normal.,4
"Right now, i am not feeling safe",4
"Honestly, this gives me chills",4
Oh i do not feel protected,4
"Right now, this is not normal",4
Oh my heart is racing,4
I cannot do this,4
"Right now, i do not feel protected",4
I feel unsafe,4
I cannot sleep tonight.,4
I feel unsafe,4
I cannot sleep tonight,4
I cannot sleep tonight,4
I cannot sleep tonight today,4
"Right now, my heart is racing",4
Oh i do not feel protected,4
"Right now, i cannot do this",4
I am afraid of the dark,4
"Right now, this is not normal",4
"Honestly, this gives me chills",4
"Right now, this is not normal",4
This is not normal,4
"Right now, i heard strange noises",4
I heard strange noises.,4
I am afraid of the dark.,4
"Right now, something feels wrong",4
I am scared.,4
I cannot sleep tonight.,4
Something feels wrong.,4
"Right now, this is terrifying",4
This gives me chills today,4
"Honestly, this is terrifying",4
I cannot do this.,4
I cannot do this.,4
"Right now, my heart is racing",4
I do not feel protected,4
"Honestly, i am not ready for this",4
I am not feeling safe today,4
I heard strange noises.,4
"Honestly, this is not normal",4
Oh i am scared,4
"Honestly, i cannot sleep tonight",4
Oh this gives me chills,4
"Right now, i do not feel protected",4
Oh i feel unsafe,4
This is not normal today,4
Oh i am not ready for this,4
I do not feel protected.,4
I feel unsafe,4
This is not normal,4
This gives me chills today,4
My heart is racing.,4
I heard strange noises.,4
I am scared,4
"Right now, i cannot sleep tonight",4
This is terrifying,4
I do not feel protected today,4
Oh i cannot do this,4
I am not feeling safe.,4
"Honestly, i do not feel protected",4
Oh i heard strange noises,4
"Honestly, i am afraid of the dark",4
I do not feel protected,4
"Right now, this gives me chills",4
"Right now, this gives me chills",4
I am scared today,4
"Honestly, this is terrifying",4
"Right now, i am scared",4
Oh i feel unsafe,4
"Right now, my heart is racing",4
This is not normal.,4
"Honestly, i do not feel protected",4
"Honestly, my heart is racing",4
I feel unsafe,4
"Right now, my heart is racing",4
This is not normal today,4
I feel unsafe.,4
I cannot sleep tonight today,4
"Right now, i am not feeling safe",4
I heard strange noises today,4
"Right now, this is terrifying",4
"Right now, i am not ready for this",4
I am afraid of the dark today,4
I am not ready for this,4
I am scared,4
"Right now, i cannot sleep tonight",4
Oh i cannot do this,4
Oh i am afraid of the dark,4
"Honestly, this gives me chills",4
I heard strange noises today,4
Something feels wrong today,4
I am scared today,4
Oh i am not feeling safe,4
Oh i cannot sleep tonight,4
"Right now, i am not ready for this",4
I feel unsafe,4
"Honestly, i am not ready for this",4
My heart is racing.,4
I am not ready for this.,4
"Right now, i do not feel protected",4
Oh i am not feeling safe,4
"Right now, this gives me chills",4
"Honestly, this gives me chills",4
"Honestly, this gives me chills",4
I am not ready for this.,4
"Right now, this gives me chills",4
"Honestly, this gives me chills",4
I am afraid of the dark today,4
"Right now, i feel unsafe",4
Oh this is terrifying,4
Oh i cannot do this,4
"Right now, something feels wrong",4
I cannot do this today,4
I do not feel protected.,4
I am scared,4
"Honestly, something feels wrong",4
I cannot do this.,4
I do not feel protected,4
"Honestly, my heart is racing",4
I cannot sleep tonight today,4
My heart is racing.,4
I cannot do this.,4
I am not feeling safe.,4
"Honestly, this gives me chills",4
Oh i do not feel protected,4
"Honestly, i do not feel protected",4
"Honestly, i am not ready for this",4
"Honestly, i do not feel protected",4
"Right now, i am afraid of the dark",4
I feel unsafe.,4
Oh something feels wrong,4
This gives me chills today,4
"Honestly, i cannot sleep tonight",4
Oh something feels wrong,4
I feel unsafe.,4
I cannot do this,4
"Right now, i am not feeling safe",4
"Honestly, i am not feeling safe",4
My heart is racing today,4
I am not feeling safe today,4
I do not feel protected.,4
I am afraid of the dark.,4
"Honestly, i am scared",4
"Right now, something feels wrong",4
Something feels wrong,4
I feel unsafe.,4
"Right now, i am not feeling safe",4
I do not feel protected.,4
I cannot sleep tonight.,4
I am afraid of the dark today,4
I do not feel protected,4
This gives me chills,4
I do not trust this place,4
"Honestly, i am scared",4
I cannot do this,4
I am not ready for this,4
"Right now, i am not ready for this",4
I cannot do this.,4
"Honestly, i am afraid of the dark",4
I do not trust this place.,4
"Honestly, this is not normal",4
"Honestly, this is terrifying",4
I do not trust this place.,4
I cannot do this today,4
Something feels wrong,4
I cannot sleep tonight,4
"Honestly, i am afraid of the dark",4
Oh i am scared,4
Oh i am scared,4
"Right now, i cannot do this",4
My heart is racing today,4
"Honestly, i heard strange noises",4
My heart is racing,4
Oh i feel unsafe,4
Oh i heard strange noises,4
"Honestly, i feel unsafe",4
"Honestly, i am scared",4
I cannot sleep tonight,4
Something feels wrong today,4
I am afraid of the dark today,4
This is not normal today,4
"Honestly, this is not normal",4
Oh i heard strange noises,4
This is not normal.,4
"Honestly, i cannot do this",4
I heard strange noises today,4
I cannot sleep tonight.,4
I am not ready for this today,4
I do not feel protected,4
I am not ready for this.,4
Oh i am not ready for this,4
Oh i do not feel protected,4
"Right now, i do not feel protected",4
I am not feeling safe today,4
This gives me chills today,4
"Right now, i am scared",4
Oh this is not normal,4
"Right now, i cannot sleep tonight",4
This is not normal,4
Oh i feel unsafe,4
I do not feel protected today,4
I cannot sleep tonight,4
I am not ready for this,4
Oh i am not feeling safe,4
Oh i feel unsafe,4
This is not normal.,4
"Right now, i am not feeling safe",4
Oh this is not normal,4
"Honestly, this is not normal",4
I feel unsafe today,4
Oh i do not feel protected,4
"Honestly, i am scared",4
I feel unsafe,4
I feel unsafe,4
"Right now, my heart is racing",4
Oh my heart is racing,4
I am not ready for this today,4
I am not feeling safe today,4
"Right now, i am not feeling safe",4
Oh i feel unsafe,4
I am scared,4
"Honestly, i am not feeling safe",4
I am not feeling safe.,4
"Right now, this gives me chills",4
I cannot do this.,4
"Right now, i do not feel protected",4
"Right now, i do not trust this place",4
My heart is racing today,4
Something feels wrong.,4
"Honestly, i am scared",4
Oh i do not trust this place,4
"Honestly, i do not trust this place",4
I am not feeling safe,4
This is not normal.,4
"Right now, i am not feeling safe",4
Oh i feel unsafe,4
"Right now, this gives me chills",4
Oh my heart is racing,4
"Honestly, this is terrifying",4
"Right now, i am not ready for this",4
Something feels wrong today,4
Oh this is terrifying,4
My heart is racing today,4
Oh this is terrifying,4
"Honestly, this gives me chills",4
"Right now, i am afraid of the dark",4
"Right now, i do not feel protected",4
"Honestly, my heart is racing",4
I am scared today,4
This is not normal.,4
I heard strange noises.,4
My heart is racing,4
Oh something feels wrong,4
I am afraid of the dark.,4
Oh i do not trust this place,4
Oh i cannot do this,4
I am not feeling safe today,4
"Honestly, i do not feel protected",4
I do not trust this place.,4
"Honestly, this is not normal",4
I am not ready for this,4
I cannot do this today,4
This is terrifying today,4
Oh my heart is racing,4
Oh i am not ready for this,4
I do not feel protected.,4
"Right now, i cannot sleep tonight",4
I am not ready for this today,4
"Right now, something feels wrong",4
This is terrifying today,4
"Right now, this is terrifying",4
This is terrifying.,4
"Right now, i do not trust this place",4
Oh this is terrifying,4
"Right now, i do not trust this place",4
Oh something feels wrong,4
This gives me chills.,4
Oh i am afraid of the dark,4
I cannot do this.,4
I am not feeling safe.,4
"Right now, this is not normal",4
Something feels wrong.,4
This gives me chills,4
This is terrifying.,4
I heard strange noises today,4
"Honestly, i am afraid of the dark",4
This is terrifying today,4
My heart is racing.,4
"Honestly, i feel unsafe",4
"Honestly, this is not normal",4
"Honestly, this is not normal",4
I cannot sleep tonight.,4
"Right now, i am scared",4
"Honestly, i heard strange noises",4
I do not feel protected.,4
Something feels wrong,4
I am afraid of the dark,4
Something feels wrong.,4
Oh i do not feel protected,4
"Right now, this is terrifying",4
"Honestly, i am not ready for this",4
"Honestly, i am scared",4
Oh i heard strange noises,4
I cannot do this.,4
I do not feel protected.,4
I am afraid of the dark,4
I feel unsafe.,4
Oh i do not trust this place,4
Something feels wrong today,4
I am not feeling safe today,4
I am scared,4
"Honestly, i am not ready for this",4
"Honestly, i do not trust this place",4
I am afraid of the dark today,4
"Honestly, i am not feeling safe",4
"Right now, i feel unsafe",4
Oh this is terrifying,4
"Honestly, i do not feel protected",4
Oh i am not ready for this,4
I am not feeling safe today,4
Oh this gives me chills,4
I am scared,4
I am not feeling safe.,4
"Right now, something feels wrong",4
My heart is racing.,4
Oh i am afraid of the dark,4
Something feels wrong.,4
I cannot do this,4
I am afraid of the dark today,4
This is terrifying.,4
Oh i cannot sleep tonight,4
"Honestly, i feel unsafe",4
I heard strange noises,4
Oh this is not normal,4
"Right now, i am not ready for this",4
I do not feel protected.,4
Oh i cannot do this,4
This gives me chills.,4
This is not normal today,4
"Right now, this is not normal",4
"Honestly, i cannot sleep tonight",4
This is terrifying,4
I feel unsafe.,4
I do not feel protected.,4
I am afraid of the dark,4
My heart is racing today,4
"Right now, i am scared",4
Oh i am not feeling safe,4
This gives me chills today,4
This is not normal,4
Oh i am afraid of the dark,4
I am not ready for this,4
This gives me chills.,4
"Honestly, this gives me chills",4
Oh i am afraid of the dark,4
Oh i am not ready for this,4
"Right now, i do not feel protected",4
"Right now, i am not ready for this",4
I do not feel protected.,4
"Right now, my heart is racing",4
Oh i am not ready for this,4
"Honestly, this is terrifying",4
I am scared,4
"Honestly, something feels wrong",4
I cannot do this today,4
I do not feel protected.,4
I do not trust this place today,4
"Honestly, i cannot do this",4
Oh i cannot sleep tonight,4
"Right now, i do not trust this place",4
Oh something feels wrong,4
"Honestly, i am afraid of the dark",4
I cannot do this,4
I heard strange noises.,4
Oh i feel unsafe,4
Oh i am not feeling safe,4
"Right now, i cannot sleep tonight",4
I am not ready for this today,4
Oh something feels wrong,4
This is not normal today,4
I heard strange noises,4
"Right now, i do not trust this place",4
"Right now, i heard strange noises",4
Oh i heard strange noises,4
"Honestly, i do not feel protected",4
Oh i heard strange noises,4
I am scared,4
I cannot do this,4
I heard strange noises today,4
I do not trust this place today,4
I am not ready for this today,4
This is not normal,4
"Right now, i do not trust this place",4
"Right now, this is not normal",4
"Right now, i am afraid of the dark",4
Oh i heard strange noises,4
I did not expect that,5
"Honestly, that is unbelievable",5
This is unexpected.,5
Oh this is not what i imagined,5
Oh this is not a normal situation,5
"Honestly, i am not expecting this reaction",5
Wow that is amazing,5
"Honestly, i did not see that coming",5
This is not what I imagined today,5
"Right now, that is unbelievable",5
That blew my mind today,5
Oh you surprised me,5
"Right now, that blew my mind",5
That blew my mind.,5
That was sudden today,5
I do not know what to say,5
You surprised me today,5
What a shock.,5
I did not see that coming.,5
That was sudden today,5
"Honestly, i did not expect that",5
"Honestly, that blew my mind",5
I am not prepared for this today,5
"Right now, i do not know what to say",5
I do not know what to say today,5
This is not what I imagined.,5
"Right now, i am not prepared for this",5
I am not prepared for this.,5
"Right now, i am not prepared for this",5
Oh i did not see that coming,5
Oh that was sudden,5
Oh you surprised me,5
That blew my mind today,5
You surprised me,5
"Right now, i do not know what to say",5
I did not expect that today,5
Oh you surprised me,5
That blew my mind today,5
Oh i did not see that coming,5
I did not expect that,5
I do not know what to say,5
That is unbelievable.,5
I did not expect that,5
This is not what I imagined today,5
Wow that is amazing.,5
I am not expecting this reaction,5
Oh this is not what i imagined,5
"Right now, wow that is amazing",5
That was sudden today,5
I did not expect that today,5
I am not prepared for this today,5
"Honestly, wow that is amazing",5
I am not expecting this reaction.,5
"Honestly, this is not a normal situation",5
Wow that is amazing,5
I do not know what to say.,5
What a shock,5
I do not know what to say.,5
"Honestly, i am not expecting this reaction",5
That is unbelievable,5
"Honestly, that is unbelievable",5
Oh that is unbelievable,5
This is not a normal situation.,5
Oh you surprised me,5
I do not know what to say,5
I am not prepared for this,5
This is unexpected.,5
You surprised me,5
I am not prepared for this.,5
I am not prepared for this.,5
Oh this is not a normal situation,5
"Honestly, wow that is amazing",5
I do not know what to say.,5
"Right now, i did not see that coming",5
"Right now, that is unbelievable",5
That was sudden.,5
I did not expect that today,5
Oh that is unbelievable,5
"Honestly, you surprised me",5
I did not see that coming.,5
"Right now, what a shock",5
I do not know what to say today,5
"Honestly, i did not see that coming",5
Oh you surprised me,5
Wow that is amazing today,5
"Honestly, this is unexpected",5
"Right now, that is unbelievable",5
"Right now, i am not expecting this reaction",5
This is not a normal situation.,5
"Right now, i am not expecting this reaction",5
Oh this is unexpected,5
"Honestly, this is not what i imagined",5
I did not expect that.,5
You surprised me today,5
"Honestly, i am not prepared for this",5
"Honestly, i do not know what to say",5
"Honestly, i cannot believe it",5
"Right now, i am not expecting this reaction",5
I am not prepared for this,5
Wow that is amazing,5
I did not see that coming,5
You surprised me.,5
This is unexpected.,5
This is not a normal situation today,5
I did not see that coming today,5
I do not know what to say.,5
"Right now, that was sudden",5
What a shock today,5
This is not a normal situation today,5
I am not expecting this reaction,5
"Right now, this is unexpected",5
That was sudden today,5
I do not know what to say,5
Oh that was sudden,5
I am not prepared for this,5
"Right now, i am not expecting this reaction",5
Oh wow that is amazing,5
Oh wow that is amazing,5
This is unexpected,5
"Honestly, that was sudden",5
Oh i did not see that coming,5
Oh i did not expect that,5
What a shock.,5
I am not prepared for this today,5
I cannot believe it,5
Oh this is unexpected,5
I did not expect that.,5
"Right now, i do not know what to say",5
"Right now, this is unexpected",5
This is not what I imagined today,5
This is not a normal situation,5
"Honestly, that was sudden",5
"Honestly, what a shock",5
"Right now, this is not what i imagined",5
I do not know what to say today,5
You surprised me.,5
I am not expecting this reaction today,5
That was sudden.,5
I am not expecting this reaction.,5
"Right now, i did not expect that",5
"Right now, i did not see that coming",5
Oh that blew my mind,5
Oh what a shock,5
I am not expecting this reaction today,5
What a shock today,5
You surprised me.,5
I do not know what to say.,5
I did not see that coming,5
Oh what a shock,5
I am not prepared for this today,5
"Honestly, i did not expect that",5
What a shock.,5
Oh that blew my mind,5
I did not expect that,5
I cannot believe it.,5
I did not expect that today,5
Oh i did not expect that,5
"Right now, that was sudden",5
I am not prepared for this.,5
Oh i do not know what to say,5
I am not prepared for this,5
You surprised me,5
Oh what a shock,5
That is unbelievable today,5
"Honestly, i am not expecting this reaction",5
This is not a normal situation.,5
This is not a normal situation,5
Oh that was sudden,5
That is unbelievable today,5
I cannot believe it today,5
That was sudden,5
This is not what I imagined,5
I do not know what to say,5
"Right now, i do not know what to say",5
I am not expecting this reaction today,5
"Honestly, that was sudden",5
"Right now, that blew my mind",5
"Right now, i cannot believe it",5
"Right now, i did not see that coming",5
Oh wow that is amazing,5
You surprised me today,5
Oh this is not what i imagined,5
Oh i do not know what to say,5
This is not a normal situation today,5
Oh this is unexpected,5
Oh i am not expecting this reaction,5
"Right now, this is not a normal situation",5
Oh this is unexpected,5
"Honestly, that blew my mind",5
This is not what I imagined today,5
I do not know what to say,5
"Honestly, i did not see that coming",5
I am not expecting this reaction today,5
Oh this is unexpected,5
"Honestly, i do not know what to say",5
I cannot believe it today,5
This is not what I imagined today,5
"Right now, i am not expecting this reaction",5
That blew my mind.,5
I am not prepared for this today,5
Wow that is amazing.,5
That is unbelievable today,5
Oh i do not know what to say,5
I cannot believe it today,5
"Honestly, i did not see that coming",5
"Honestly, i am not prepared for this",5
"Honestly, this is not a normal situation",5
This is unexpected today,5
You surprised me today,5
Oh this is not what i imagined,5
"Right now, that blew my mind",5
Wow that is amazing.,5
"Honestly, that was sudden",5
"Honestly, this is not what i imagined",5
"Right now, this is not a normal situation",5
What a shock,5
That blew my mind.,5
That blew my mind today,5
This is not what I imagined.,5
"Honestly, i do not know what to say",5
That is unbelievable today,5
I am not expecting this reaction today,5
Wow that is amazing,5
I am not expecting this reaction.,5
This is unexpected.,5
That is unbelievable,5
I am not prepared for this.,5
Wow that is amazing.,5
I do not know what to say,5
"Right now, you surprised me",5
Oh that is unbelievable,5
"Right now, i did not expect that",5
"Honestly, that blew my mind",5
"Honestly, i cannot believe it",5
This is unexpected,5
I cannot believe it,5
"Right now, this is not a normal situation",5
"Right now, that was sudden",5
"Right now, this is not a normal situation",5
"Right now, i am not expecting this reaction",5
I do not know what to say today,5
"Right now, i am not prepared for this",5
"Honestly, this is not a normal situation",5
That was sudden today,5
Oh i am not expecting this reaction,5
"Honestly, what a shock",5
You surprised me,5
Oh i cannot believe it,5
"Honestly, i did not expect that",5
I do not know what to say,5
I cannot believe it today,5
Oh this is not a normal situation,5
Oh you surprised me,5
"Honestly, that blew my mind",5
Oh what a shock,5
Oh i do not know what to say,5
I do not know what to say,5
"Honestly, i did not expect that",5
Oh that was sudden,5
"Honestly, i did not see that coming",5
"Right now, what a shock",5
Oh this is not a normal situation,5
This is not what I imagined today,5
You surprised me,5
"Honestly, this is not what i imagined",5
What a shock.,5
"Right now, this is unexpected",5
Oh what a shock,5
Wow that is amazing,5
I do not know what to say,5
I did not expect that.,5
I am not expecting this reaction today,5
This is unexpected,5
I did not see that coming,5
"Right now, this is unexpected",5
"Honestly, this is not what i imagined",5
"Right now, i cannot believe it",5
Wow that is amazing.,5
I cannot believe it today,5
You surprised me,5
That is unbelievable,5
I am not prepared for this.,5
You surprised me today,5
I am not prepared for this,5
This is unexpected today,5
That was sudden today,5
I did not expect that,5
Oh i did not expect that,5
That is unbelievable,5
"Honestly, this is unexpected",5
"Right now, this is unexpected",5
"Right now, i do not know what to say",5
"Honestly, what a shock",5
I did not see that coming today,5
What a shock today,5
I am not prepared for this,5
You surprised me today,5
"Right now, what a shock",5
"Honestly, you surprised me",5
Oh i am not prepared for this,5
"Honestly, that is unbelievable",5
I do not know what to say today,5
This is not what I imagined today,5
This is not what I imagined.,5
I do not know what to say.,5
"Honestly, that was sudden",5
This is unexpected,5
I did not see that coming today,5
"Right now, what a shock",5
"Right now, wow that is amazing",5
"Right now, you surprised me",5
"Honestly, that is unbelievable",5
I cannot believe it today,5
That was sudden.,5
I do not know what to say today,5
Oh i did not see that coming,5
"Honestly, i did not see that coming",5
This is unexpected.,5
"Right now, you surprised me",5
That was sudden,5
"Honestly, wow that is amazing",5
You surprised me.,5
I cannot believe it,5
"Honestly, i cannot believe it",5
"Right now, that is unbelievable",5
I do not know what to say.,5
Oh you surprised me,5
I did not expect that.,5
I am not expecting this reaction today,5
I am not expecting this reaction.,5
This is not a normal situation today,5
"Honestly, i did not expect that",5
"Honestly, i cannot believe it",5
You surprised me.,5
Oh i am not prepared for this,5
"Honestly, i am not expecting this reaction",5
Oh i cannot believe it,5
Oh i am not expecting this reaction,5
Oh what a shock,5
That was sudden today,5
That is unbelievable today,5
"Honestly, what a shock",5
I am not prepared for this,5
I am not prepared for this,5
This is unexpected.,5
Oh this is unexpected,5
"Right now, i cannot believe it",5
This is unexpected,5
"Honestly, that was sudden",5
"Right now, i am not prepared for this",5
This is unexpected today,5
I am not prepared for this today,5
Oh i cannot believe it,5
That blew my mind today,5
I do not know what to say today,5
I am not expecting this reaction,5
Oh i did not see that coming,5
This is unexpected,5
"Right now, i am not prepared for this",5
"Honestly, this is not a normal situation",5
I am not prepared for this today,5
You surprised me,5
I am not prepared for this today,5
I cannot believe it today,5
You surprised me today,5
I cannot believe it today,5
Oh this is not what i imagined,5
You surprised me,5
This is not a normal situation,5
Oh what a shock,5
Oh that blew my mind,5
"Honestly, i did not see that coming",5
"Honestly, wow that is amazing",5
"Right now, i am not prepared for this",5
Oh that is unbelievable,5
"Honestly, you surprised me",5
I did not expect that,5
That was sudden today,5
"Honestly, i did not expect that",5
This is not a normal situation today,5
Oh this is not what i imagined,5
"Honestly, this is unexpected",5
"Honestly, you surprised me",5
I do not know what to say today,5
What a shock,5
That was sudden,5
That blew my mind,5
I did not see that coming.,5
What a shock,5
Wow that is amazing,5
Oh i cannot believe it,5
Oh this is unexpected,5
"Right now, i did not see that coming",5
I did not expect that.,5
I am not prepared for this.,5
"Right now, i am not expecting this reaction",5
What a shock today,5
I am not expecting this reaction.,5
What a shock.,5
This is not what I imagined.,5
"Right now, what a shock",5
I am not prepared for this today,5
I am not prepared for this.,5
"Right now, i did not expect that",5
Oh wow that is amazing,5
I cannot believe it today,5
"Right now, i did not see that coming",5
"Right now, this is not what i imagined",5
"Honestly, that blew my mind",5
That was sudden.,5
"Honestly, that is unbelievable",5
I do not know what to say.,5
Oh this is not what i imagined,5
That is unbelievable,5
That is unbelievable,5
"Honestly, this is unexpected",5
Oh this is unexpected,5
What a shock.,5
"Right now, this is not what i imagined",5
This is not a normal situation.,5
Wow that is amazing.,5
I am not prepared for this.,5
"Honestly, wow that is amazing",5
That was sudden today,5
"Right now, this is not a normal situation",5
"Right now, i do not know what to say",5
"Right now, that blew my mind",5
That blew my mind today,5
I cannot believe it,5
"Honestly, you surprised me",5
"Right now, wow that is amazing",5
I cannot believe it,5
"Honestly, you surprised me",5
This is not a normal situation today,5
"Right now, i do not know what to say",5
"Honestly, this is not what i imagined",5
I did not expect that today,5
"Honestly, that blew my mind",5
That blew my mind,5
This is not a normal situation today,5
"Honestly, that blew my mind",5
This is unexpected,5
This is unexpected,5
"Honestly, i am not expecting this reaction",5
Oh this is not a normal situation,5
That was sudden,5
"Right now, i did not see that coming",5
"Honestly, this is not a normal situation",5
Oh that is unbelievable,5
"Honestly, this is unexpected",5
Wow that is amazing.,5
Wow that is amazing today,5
Oh that is unbelievable,5
I do not know what to say,5
That is unbelievable,5
What a shock today,5
You surprised me.,5
I did not expect that,5
Oh that blew my mind,5
That is unbelievable.,5
I cannot believe it,5
"Right now, wow that is amazing",5
That was sudden,5
That blew my mind today,5
"Right now, i am not expecting this reaction",5
I am not expecting this reaction,5
That is unbelievable.,5
What a shock.,5
"Honestly, that is unbelievable",5
"Right now, what a shock",5
You surprised me,5
This is not a normal situation.,5
You surprised me today,5
That blew my mind today,5
Oh i am not prepared for this,5
That is unbelievable.,5
I cannot believe it,5
This is not what I imagined,5
"Honestly, i did not expect that",5
I am not prepared for this,5
I do not know what to say,5
"Honestly, i am not prepared for this",5
What a shock today,5
Oh i do not know what to say,5
I did not expect that today,5
This is unexpected,5
I do not know what to say,5
This is unexpected today,5
"Honestly, i am not prepared for this",5
"Right now, what a shock",5
What a shock today,5
Oh i did not expect that,5
Oh you surprised me,5
This is unexpected,5
I am not expecting this reaction.,5
I do not know what to say.,5
Oh i am not expecting this reaction,5
"Right now, this is unexpected",5
Oh i cannot believe it,5
"Right now, i cannot believe it",5
